min,max
-0.31532030224443786,0.3093159715446434
-0.2823562861169479,0.3075239015242107
-0.41047178820979224,0.4407922500087532
-0.2994326238751969,0.30501684847449995
-0.3001708075995118,0.3084245633643591
