min,max
-0.07082040181825285,0.07011323818252
-0.04976788677693331,0.047821476656790665
-0.11167233629255983,0.11477067548551471
-0.03928981239798124,0.04463242844931674
-0.06888989994062243,0.06765750158335654
